user_id,round_id,timestamp,event_type,flight_id,flight_x,flight_y,human_x,human_y,agent_x,agent_y,dist_human_flight,dist_agent_flight,dist_human_agent,triggered_by,signal_type,dir_ratio,flight_speed,flight_angle,human_speed,human_direction,agent_speed,agent_direction
No Signal_3,R1,2026-08-11T02:40:44.494196Z,flight_spawn,1,655,-20,161,910,127,670,1053.0,869.49,241.76,system,NA,0.452,3.31,52.77,0.0,180.0,0.0,180.0
No Signal_3,R1,2026-08-11T03:26:57.972951Z,flight_missed,1,872,953,1450,910,733,803,579.64,204.11,724.22,system,NA,0.26,3.31,44.65,0.0,0.0,130.47,54.25
No Signal_3,R1,2026-08-11T03:26:57.976826Z,flight_spawn,2,673,-20,1450,910,733,803,1211.36,826.04,724.22,system,NA,0.405,3.11,129.96,0.0,0.0,130.47,54.25
No Signal_3,R1,2026-08-11T03:27:06.548008Z,shot_miss,2,516,657,1416,910,479,629,934.28,46.47,977.86,agent,NA,0.047,2.56,130.39,121.54,0.0,130.47,54.25
No Signal_3,R1,2026-08-11T03:27:06.869340Z,shot_miss,2,499,702,1446,910,483,664,969.49,41.73,993.96,agent,NA,0.041,2.56,107.57,75.47,0.0,105.88,90.0
No Signal_3,R1,2026-08-11T03:27:07.036109Z,shot_miss,2,494,727,1450,910,477,682,972.72,48.51,999.15,agent,NA,0.047,2.56,84.99,0.0,0.0,105.88,90.0
No Signal_3,R1,2026-08-11T03:27:08.648575Z,flight_missed,2,450,953,1374,910,430,852,924.6,102.26,946.11,system,NA,0.1,2.56,58.19,129.41,180.0,105.88,90.0
No Signal_3,R1,2026-08-11T03:27:08.649655Z,flight_spawn,3,169,-20,1374,910,430,852,1521.81,910.89,946.11,system,NA,0.374,2.83,135.0,129.41,180.0,105.88,90.0
No Signal_3,R1,2026-08-11T03:27:14.166581Z,shot_miss,3,32,577,662,731,74,570,648.67,42.74,609.63,agent,NA,0.062,2.2,89.54,129.41,180.0,130.47,125.75
No Signal_3,R1,2026-08-11T03:27:14.538406Z,shot_hit,3,38,624,613,731,46,610,584.93,16.24,580.59,agent,NA,0.027,2.2,62.4,129.41,180.0,130.47,125.75
No Signal_3,R1,2026-08-11T03:27:14.538898Z,flight_spawn,4,816,-20,613,731,46,610,778.16,995.52,580.59,system,NA,0.561,2.84,45.33,129.41,180.0,130.47,125.75
No Signal_3,R1,2026-08-11T03:27:21.794587Z,shot_hit,4,1237,573,1214,587,527,568,26.77,710.49,687.73,human,NA,0.964,2.0,126.12,136.86,-144.37,130.47,54.25
No Signal_3,R1,2026-08-11T03:27:21.795285Z,flight_spawn,5,881,-20,1214,587,527,568,692.73,686.68,687.73,system,NA,0.498,2.91,133.48,136.86,-144.37,130.47,54.25
No Signal_3,R1,2026-08-11T03:27:28.947757Z,shot_hit,5,1186,651,1174,664,887,637,17.68,300.12,288.41,human,NA,0.944,2.91,44.71,129.41,0.0,130.47,54.25
No Signal_3,R1,2026-08-11T03:27:28.950012Z,flight_spawn,6,804,-20,1174,664,887,637,777.74,662.27,288.41,system,NA,0.46,3.6,56.3,129.41,0.0,130.47,54.25
No Signal_3,R1,2026-08-11T03:27:32.772338Z,shot_hit,6,1016,560,1193,684,1035,564,216.06,19.15,198.48,agent,NA,0.081,3.6,129.11,144.58,139.74,76.24,180.0
No Signal_3,R1,2026-08-11T03:27:32.772887Z,flight_spawn,7,782,-20,1193,684,1035,564,815.52,636.89,198.48,system,NA,0.439,2.83,45.0,144.58,139.74,76.24,180.0
No Signal_3,R1,2026-08-11T03:27:43.732732Z,flight_missed,7,194,952,337,892,510,868,155.26,327.54,175.21,system,NA,0.678,2.83,120.02,136.02,162.07,130.47,125.75
No Signal_3,R1,2026-08-11T03:27:43.734150Z,flight_spawn,8,650,-20,337,892,510,868,964.32,899.39,175.21,system,NA,0.483,2.98,47.9,136.02,162.07,130.47,125.75
No Signal_3,R1,2026-08-11T03:27:47.364457Z,shot_hit,8,474,544,207,822,458,566,386.3,27.68,358.9,agent,NA,0.067,2.98,102.7,0.0,180.0,76.24,180.0
No Signal_3,R1,2026-08-11T03:27:47.365806Z,flight_spawn,9,381,-20,207,822,458,566,860.45,591.53,358.9,system,NA,0.407,3.38,53.69,0.0,180.0,76.24,180.0
No Signal_3,R1,2026-08-11T03:27:54.411563Z,flight_missed,9,1238,953,1099,852,918,792,171.29,358.44,191.49,system,NA,0.677,3.38,148.36,129.41,0.0,130.47,54.25
No Signal_3,R1,2026-08-11T03:27:54.413797Z,flight_spawn,10,1308,-20,1099,852,918,792,896.9,901.14,191.49,system,NA,0.501,3.57,124.06,129.41,0.0,130.47,54.25
No Signal_3,R1,2026-08-11T03:28:02.976070Z,flight_missed,10,42,952,164,818,480,802,180.57,462.39,316.38,system,NA,0.719,3.3,95.48,0.0,180.0,130.47,125.75
No Signal_3,R1,2026-08-11T03:28:02.978181Z,flight_spawn,11,618,-20,164,818,480,802,953.44,833.54,316.38,system,NA,0.466,3.32,52.93,0.0,180.0,130.47,125.75
No Signal_3,R1,2026-08-11T03:28:08.798372Z,flight_missed,11,959,954,630,830,904,785,351.57,177.57,278.27,system,NA,0.336,3.32,121.36,0.0,180.0,112.69,48.91
No Signal_3,R1,2026-08-11T03:28:08.800633Z,flight_spawn,12,794,-20,630,830,904,785,866.56,812.93,278.27,system,NA,0.484,3.08,130.54,0.0,180.0,112.69,48.91
No Signal_3,R1,2026-08-11T03:28:16.796688Z,shot_hit,12,1257,556,972,854,1234,566,412.05,25.17,389.24,agent,NA,0.058,1.85,103.86,0.0,180.0,0.0,13.17
No Signal_3,R1,2026-08-11T03:28:16.797715Z,flight_spawn,13,374,-20,972,854,1234,566,1059.71,1040.58,389.24,system,NA,0.495,2.83,135.0,0.0,180.0,0.0,13.17
No Signal_3,R1,2026-08-11T03:28:23.574787Z,shot_miss,13,68,876,97,854,743,812,36.39,678.03,647.38,human,NA,0.949,2.35,91.7,129.41,180.0,130.47,125.75
No Signal_3,R1,2026-08-11T03:28:24.136046Z,flight_missed,13,89,952,86,870,699,874,81.52,615.01,613.3,system,NA,0.883,2.35,66.62,135.5,22.43,130.47,125.75
No Signal_3,R1,2026-08-11T03:28:24.136581Z,flight_spawn,14,840,-20,86,870,699,874,1167.62,905.14,613.3,system,NA,0.437,3.2,51.37,135.5,22.43,130.47,125.75
No Signal_3,R1,2026-08-11T03:28:33.404451Z,shot_miss,14,1209,540,781,836,1166,564,520.47,48.85,471.84,agent,NA,0.086,2.01,59.19,129.41,0.0,76.24,0.0
No Signal_3,R1,2026-08-11T03:28:33.758900Z,shot_miss,14,1235,574,827,836,1193,568,485.56,42.69,454.06,agent,NA,0.081,2.01,31.66,129.41,0.0,130.47,54.25
No Signal_3,R1,2026-08-11T03:28:34.031789Z,shot_miss,14,1262,590,862,836,1213,586,469.72,49.32,431.37,agent,NA,0.095,2.01,31.66,129.41,0.0,76.24,0.0
No Signal_3,R1,2026-08-11T03:28:36.433747Z,shot_miss,14,1446,753,880,815,1399,748,569.8,47.58,523.38,agent,NA,0.077,1.64,121.89,129.41,180.0,130.47,54.25
No Signal_3,R1,2026-08-11T03:28:36.807507Z,shot_hit,14,1437,787,834,815,1416,783,603.51,21.73,582.56,agent,NA,0.035,1.64,97.96,51.53,180.0,105.88,90.0
No Signal_3,R1,2026-08-11T03:28:36.807994Z,flight_spawn,15,1119,-20,834,815,1416,783,882.62,856.11,582.56,system,NA,0.492,2.87,134.15,51.53,180.0,105.88,90.0
No Signal_3,R1,2026-08-11T03:28:44.601626Z,shot_miss,15,75,650,42,655,851,626,33.35,776.62,809.7,human,NA,0.959,2.87,103.24,129.41,0.0,130.47,125.75
No Signal_3,R1,2026-08-11T03:28:45.159561Z,shot_miss,15,104,737,97,691,809,686,46.9,706.58,711.77,human,NA,0.938,2.87,54.41,129.41,90.0,130.47,125.75
No Signal_3,R1,2026-08-11T03:28:47.995083Z,flight_missed,15,473,954,282,910,589,910,196.34,124.7,307.73,system,NA,0.388,2.87,79.22,129.41,0.0,76.24,180.0
No Signal_3,R1,2026-08-11T03:28:47.995904Z,flight_spawn,16,1378,-20,282,910,589,910,1438.12,1219.73,307.73,system,NA,0.459,3.54,55.63,129.41,0.0,76.24,180.0
No Signal_3,R1,2026-08-11T03:28:54.174737Z,shot_hit,16,1038,937,570,818,1029,910,482.91,29.29,467.53,agent,NA,0.057,3.1,168.91,0.0,124.66,76.24,180.0
No Signal_3,R1,2026-08-11T03:28:54.175794Z,flight_spawn,17,909,-20,570,818,1029,910,904.45,937.62,467.53,system,NA,0.509,2.83,135.0,0.0,124.66,76.24,180.0
No Signal_3,R1,2026-08-11T03:29:02.499346Z,shot_hit,17,41,633,48,656,419,629,24.17,378.46,371.64,human,NA,0.94,1.86,88.58,0.0,180.0,130.47,125.75
No Signal_3,R1,2026-08-11T03:29:02.501447Z,flight_spawn,18,936,-20,48,656,419,629,1115.82,829.61,371.64,system,NA,0.426,2.83,135.0,0.0,180.0,130.47,125.75
No Signal_3,R1,2026-08-11T03:29:12.078539Z,flight_missed,18,1364,952,572,872,1060,847,795.53,321.37,488.56,system,NA,0.288,2.12,72.49,0.0,180.0,161.56,56.69
No Signal_3,R1,2026-08-11T03:29:12.079463Z,flight_spawn,19,1354,-20,572,872,1060,847,1186.94,916.05,488.56,system,NA,0.436,2.83,45.0,0.0,180.0,161.56,56.69
No Signal_3,R1,2026-08-11T03:29:20.852794Z,shot_hit,19,719,741,722,746,891,736,6.04,171.49,168.85,human,NA,0.966,2.33,169.51,0.0,-56.21,130.47,125.75
No Signal_3,R1,2026-08-11T03:29:20.854964Z,flight_spawn,20,645,-20,722,746,891,736,770.27,795.62,168.85,system,NA,0.508,3.06,130.8,0.0,-56.21,130.47,125.75
No Signal_3,R1,2026-08-11T03:29:27.801024Z,flight_missed,20,1144,953,715,859,1003,838,439.11,182.61,287.99,system,NA,0.294,3.06,113.6,0.0,180.0,130.47,54.25
No Signal_3,R2,2026-08-11T03:29:35.992005Z,flight_spawn,1,788,-20,715,859,1003,838,882.96,884.84,287.99,system,NA,0.501,3.16,129.33,0.0,180.0,0.0,54.25
No Signal_3,R2,2026-08-11T03:29:47.399883Z,flight_missed,1,1385,952,1303,829,993,910,147.98,393.91,319.9,system,NA,0.727,1.99,138.73,140.36,120.29,76.24,0.0
No Signal_3,R2,2026-08-11T03:29:47.401645Z,flight_spawn,2,1376,-20,1303,829,993,910,852.17,1005.53,319.9,system,NA,0.541,3.3,127.33,140.36,120.29,76.24,0.0
No Signal_3,R2,2026-08-11T03:29:54.132812Z,flight_missed,2,657,954,982,895,770,778,329.64,209.32,241.36,system,NA,0.388,3.3,95.94,0.0,-90.0,130.47,125.75
No Signal_3,R2,2026-08-11T03:29:54.135527Z,flight_spawn,3,92,-20,982,895,770,778,1276.35,1047.66,241.36,system,NA,0.451,2.96,132.57,0.0,-90.0,130.47,125.75
No Signal_3,R2,2026-08-11T03:30:03.352263Z,shot_hit,3,518,545,765,737,499,566,312.79,28.42,316.49,agent,NA,0.083,1.77,114.33,0.0,-90.0,0.0,0.0
No Signal_3,R2,2026-08-11T03:30:03.353690Z,flight_spawn,4,417,-20,765,737,499,566,833.45,592.14,316.49,system,NA,0.415,2.88,46.05,0.0,-90.0,0.0,0.0
No Signal_3,R2,2026-08-11T03:30:09.891733Z,shot_miss,4,809,862,791,890,786,753,33.57,110.8,137.13,human,NA,0.767,2.88,82.79,134.93,163.55,105.88,90.0
No Signal_3,R2,2026-08-11T03:30:10.247975Z,shot_miss,4,814,919,785,890,790,791,40.6,129.75,99.32,human,NA,0.762,2.88,64.77,0.0,180.0,130.47,54.25
No Signal_3,R2,2026-08-11T03:30:10.449438Z,flight_missed,4,832,953,797,908,806,815,57.19,140.58,93.71,system,NA,0.711,2.88,64.77,136.65,58.12,130.47,54.25
No Signal_3,R2,2026-08-11T03:30:10.450093Z,flight_spawn,5,926,-20,797,908,806,815,937.35,843.72,93.71,system,NA,0.474,2.93,133.07,136.65,58.12,130.47,54.25
No Signal_3,R2,2026-08-11T03:30:16.865227Z,shot_hit,5,424,880,425,885,407,765,4.63,116.38,121.01,human,NA,0.962,2.93,64.13,122.22,0.0,100.0,90.0
No Signal_3,R2,2026-08-11T03:30:16.867311Z,flight_spawn,6,273,-20,425,885,407,765,917.75,796.76,121.01,system,NA,0.465,3.47,125.15,122.22,0.0,100.0,90.0
No Signal_3,R2,2026-08-11T03:30:20.845322Z,shot_hit,6,198,557,653,895,205,566,566.94,11.28,556.08,agent,NA,0.02,3.47,74.71,0.0,-90.0,76.24,180.0
No Signal_3,R2,2026-08-11T03:30:20.846022Z,flight_spawn,7,313,-20,653,895,205,566,977.18,596.04,556.08,system,NA,0.379,3.24,128.11,0.0,-90.0,76.24,180.0
No Signal_3,R2,2026-08-11T03:30:27.879722Z,shot_hit,7,322,898,327,905,299,794,8.23,106.78,114.19,human,NA,0.928,2.82,68.96,129.41,180.0,130.47,54.25
No Signal_3,R2,2026-08-11T03:30:27.881692Z,flight_spawn,8,719,-20,327,905,299,794,1004.62,916.27,114.19,system,NA,0.477,2.83,135.0,129.41,180.0,130.47,54.25
No Signal_3,R2,2026-08-11T03:30:32.537417Z,shot_hit,8,323,562,549,891,299,566,398.87,23.89,409.45,agent,NA,0.057,2.83,73.61,44.32,180.0,72.0,0.0
No Signal_3,R2,2026-08-11T03:30:32.538617Z,flight_spawn,9,1185,-20,549,891,299,566,1111.74,1062.7,409.45,system,NA,0.489,2.83,45.0,44.32,180.0,72.0,0.0
No Signal_3,R2,2026-08-11T03:30:44.093229Z,flight_missed,9,1301,953,736,860,1123,910,572.83,183.33,390.29,system,NA,0.242,2.23,91.04,0.0,180.0,76.24,0.0
No Signal_3,R2,2026-08-11T03:30:44.094396Z,flight_spawn,10,401,-20,736,860,1123,910,942.01,1177.69,390.29,system,NA,0.556,3.12,129.9,0.0,180.0,76.24,0.0
No Signal_3,R2,2026-08-11T03:30:50.709763Z,shot_miss,10,378,655,412,641,640,640,36.6,262.08,227.6,human,NA,0.877,2.34,99.2,129.41,180.0,130.47,125.75
No Signal_3,R2,2026-08-11T03:30:52.027923Z,shot_miss,10,384,833,381,800,538,781,33.16,162.98,158.57,human,NA,0.831,2.34,44.8,135.45,68.32,130.47,125.75
No Signal_3,R2,2026-08-11T03:30:52.502913Z,shot_miss,10,440,860,404,860,502,831,36.24,69.09,102.89,human,NA,0.656,2.34,17.21,133.58,69.77,130.47,125.75
No Signal_3,R2,2026-08-11T03:30:52.723406Z,conflict,10,472,867,413,890,484,856,63.13,16.78,79.03,system,NA,0.21,2.34,32.49,129.41,90.0,130.47,125.75
No Signal_3,R2,2026-08-11T03:30:53.463965Z,flight_missed,10,526,952,408,893,502,883,131.57,72.56,94.31,system,NA,0.355,2.34,60.06,0.0,143.18,130.47,54.25
No Signal_3,R2,2026-08-11T03:30:53.464610Z,flight_spawn,11,235,-20,408,893,502,883,929.78,942.43,94.31,system,NA,0.503,2.83,135.0,0.0,143.18,130.47,54.25
No Signal_3,R2,2026-08-11T03:31:02.043606Z,shot_miss,11,547,593,699,775,490,587,237.97,56.98,281.42,agent,NA,0.193,1.75,31.98,63.25,134.73,123.22,54.25
No Signal_3,R2,2026-08-11T03:31:04.750679Z,shot_hit,11,781,731,790,749,696,726,19.89,85.4,96.22,human,NA,0.811,1.75,35.59,0.0,-90.0,130.47,54.25
No Signal_3,R2,2026-08-11T03:31:04.751971Z,flight_spawn,12,221,-20,790,749,696,726,956.68,885.12,96.22,system,NA,0.481,2.83,135.0,0.0,-90.0,130.47,54.25
No Signal_3,R2,2026-08-11T03:31:10.562983Z,shot_hit,12,290,625,425,899,295,619,305.36,7.25,308.59,agent,NA,0.023,2.25,41.99,129.41,180.0,76.24,180.0
No Signal_3,R2,2026-08-11T03:31:10.565185Z,flight_spawn,13,400,-20,425,899,295,619,919.75,648.19,308.59,system,NA,0.413,2.83,45.0,129.41,180.0,76.24,180.0
No Signal_3,R2,2026-08-11T03:31:18.715359Z,shot_hit,13,1166,802,1141,796,810,797,26.03,356.09,330.81,human,NA,0.932,2.83,31.22,140.65,-28.3,76.24,0.0
No Signal_3,R2,2026-08-11T03:31:18.717222Z,flight_spawn,14,725,-20,1141,796,810,797,916.37,821.52,330.81,system,NA,0.473,2.83,45.0,140.65,-28.3,76.24,0.0
No Signal_3,R2,2026-08-11T03:31:28.426584Z,flight_missed,14,708,954,960,864,722,845,268.29,109.76,238.95,system,NA,0.29,2.83,122.47,0.0,-37.57,130.47,125.75
No Signal_3,R2,2026-08-11T03:31:28.428287Z,flight_spawn,15,1066,-20,960,864,722,845,890.85,931.05,238.95,system,NA,0.511,3.57,124.08,0.0,-37.57,130.47,125.75
No Signal_3,R2,2026-08-11T03:31:34.676033Z,shot_hit,15,611,897,591,902,565,750,20.88,153.76,153.95,human,NA,0.88,3.57,56.64,129.41,0.0,130.47,54.25
No Signal_3,R2,2026-08-11T03:31:34.677698Z,flight_spawn,16,551,-20,591,902,565,750,923.15,770.68,153.95,system,NA,0.455,2.83,135.0,129.41,0.0,130.47,54.25
No Signal_3,R2,2026-08-11T03:31:39.205046Z,shot_hit,16,450,549,680,886,434,566,407.71,22.7,403.48,agent,NA,0.053,2.83,132.6,134.41,-22.67,0.0,0.0
No Signal_3,R2,2026-08-11T03:31:39.205927Z,flight_spawn,17,1144,-20,680,886,434,566,1018.1,920.3,403.48,system,NA,0.475,3.18,128.9,134.41,-22.67,0.0,0.0
No Signal_3,R2,2026-08-11T03:31:47.112014Z,shot_hit,17,85,826,105,842,244,752,25.19,175.5,166.23,human,NA,0.874,3.18,116.96,137.03,148.76,130.47,125.75
No Signal_3,R2,2026-08-11T03:31:47.113220Z,flight_spawn,18,951,-20,105,842,244,752,1208.41,1046.85,166.23,system,NA,0.464,3.28,52.43,137.03,148.76,130.47,125.75
No Signal_3,R2,2026-08-11T03:31:57.480808Z,shot_hit,18,1026,864,770,910,1009,859,260.14,17.49,244.41,agent,NA,0.063,1.99,169.35,121.52,180.0,0.0,0.0
No Signal_3,R2,2026-08-11T03:31:57.482968Z,flight_spawn,19,933,-20,770,910,1009,859,944.14,882.91,244.41,system,NA,0.483,3.22,128.37,121.52,180.0,0.0,0.0
No Signal_3,R2,2026-08-11T03:32:04.834863Z,shot_hit,19,128,868,149,859,499,762,21.79,384.97,363.33,human,NA,0.946,3.22,123.0,129.41,180.0,130.47,125.75
No Signal_3,R2,2026-08-11T03:32:04.836890Z,flight_spawn,20,731,-20,149,859,499,762,1055.04,816.15,363.33,system,NA,0.436,2.87,134.23,129.41,180.0,130.47,125.75
No Signal_3,R2,2026-08-11T03:32:11.637600Z,shot_miss,20,193,856,232,857,175,752,39.21,105.63,118.98,human,NA,0.729,2.87,121.68,149.21,-22.86,138.63,125.75
No Signal_3,R2,2026-08-11T03:32:11.961069Z,shot_miss,20,164,903,204,869,152,787,52.72,116.66,97.22,human,NA,0.689,2.87,121.68,137.43,154.37,130.47,125.75
No Signal_3,R2,2026-08-11T03:32:12.891409Z,flight_missed,20,23,953,254,897,79,888,238.46,85.92,176.05,system,NA,0.265,2.87,148.66,129.41,0.0,130.47,125.75
No Signal_3,R3,2026-08-11T03:34:32.087798Z,flight_spawn,1,904,-20,254,897,79,888,1124.74,1227.64,176.05,system,NA,0.522,2.83,45.0,0.0,0.0,0.0,125.75
No Signal_3,R3,2026-08-11T03:34:40.868070Z,shot_hit,1,1116,790,1112,783,777,708,7.38,348.09,343.5,human,NA,0.979,2.83,66.84,128.44,-17.9,123.22,54.25
No Signal_3,R3,2026-08-11T03:34:40.868762Z,flight_spawn,2,958,-20,1112,783,777,708,818.64,750.58,343.5,system,NA,0.478,2.97,47.58,128.44,-17.9,123.22,54.25
No Signal_3,R3,2026-08-11T03:34:48.524372Z,shot_hit,2,206,894,220,882,424,827,18.4,227.81,210.99,human,NA,0.925,2.97,93.07,138.1,159.05,130.47,125.75
No Signal_3,R3,2026-08-11T03:34:48.527159Z,flight_spawn,3,816,-20,220,882,424,827,1082.02,934.37,210.99,system,NA,0.463,2.83,135.0,138.1,159.05,130.47,125.75
No Signal_3,R3,2026-08-11T03:34:57.781135Z,shot_miss,3,799,781,769,773,588,727,31.18,218.09,186.92,human,NA,0.875,2.83,46.8,129.41,0.0,116.24,42.72
No Signal_3,R3,2026-08-11T03:34:59.304338Z,flight_missed,3,981,952,946,880,685,864,80.24,308.88,261.03,system,NA,0.794,2.83,37.89,129.54,39.66,123.22,54.25
No Signal_3,R3,2026-08-11T03:34:59.305088Z,flight_spawn,4,558,-20,946,880,685,864,980.8,893.37,261.03,system,NA,0.477,2.83,135.0,129.54,39.66,123.22,54.25
No Signal_3,R3,2026-08-11T03:35:07.912493Z,shot_miss,4,457,623,617,890,413,612,311.51,45.49,345.37,agent,NA,0.127,2.21,95.58,126.02,-148.78,123.22,54.25
No Signal_3,R3,2026-08-11T03:35:08.183818Z,shot_hit,4,452,658,583,883,429,641,260.58,27.78,286.35,agent,NA,0.096,2.21,115.61,129.41,180.0,105.88,90.0
No Signal_3,R3,2026-08-11T03:35:08.184214Z,flight_spawn,5,662,-20,583,883,429,641,907.08,701.2,286.35,system,NA,0.436,3.41,54.13,129.41,180.0,105.88,90.0
No Signal_3,R3,2026-08-11T03:35:13.181170Z,shot_hit,5,640,544,690,857,662,564,317.73,30.4,294.57,agent,NA,0.087,3.41,143.44,137.5,180.0,81.0,180.0
No Signal_3,R3,2026-08-11T03:35:13.181551Z,flight_spawn,6,807,-20,690,857,662,564,885.65,602.34,294.57,system,NA,0.405,3.07,130.64,137.5,180.0,81.0,180.0
No Signal_3,R3,2026-08-11T03:35:18.064188Z,shot_hit,6,383,553,300,883,377,565,339.79,13.06,327.01,agent,NA,0.037,3.07,80.55,129.41,0.0,76.24,180.0
No Signal_3,R3,2026-08-11T03:35:18.065620Z,flight_spawn,7,581,-20,300,883,377,565,945.73,619.7,327.01,system,NA,0.396,2.83,45.0,129.41,0.0,76.24,180.0
No Signal_3,R3,2026-08-11T03:35:22.824866Z,shot_miss,7,278,554,283,910,319,564,355.6,42.46,347.34,agent,NA,0.107,2.83,152.07,126.42,0.0,76.24,180.0
No Signal_3,R3,2026-08-11T03:35:25.395005Z,shot_hit,7,112,640,106,897,122,635,256.67,11.68,262.79,agent,NA,0.044,1.71,39.61,82.59,-45.78,130.47,125.75
No Signal_3,R3,2026-08-11T03:35:25.395666Z,flight_spawn,8,793,-20,106,897,122,635,1146.56,938.15,262.79,system,NA,0.45,2.83,135.0,82.59,-45.78,130.47,125.75
No Signal_3,R3,2026-08-11T03:35:30.768982Z,shot_hit,8,352,548,396,910,329,566,363.83,29.18,350.06,agent,NA,0.074,2.83,67.37,0.0,180.0,0.0,0.0
No Signal_3,R3,2026-08-11T03:35:30.770138Z,flight_spawn,9,342,-20,396,910,329,566,931.54,586.53,350.06,system,NA,0.386,2.98,132.12,0.0,180.0,0.0,0.0
No Signal_3,R3,2026-08-11T03:35:38.983672Z,shot_hit,9,435,545,657,877,418,566,399.12,26.78,392.65,agent,NA,0.063,2.06,84.63,0.0,-129.6,6.51,-21.1
No Signal_3,R3,2026-08-11T03:35:38.985334Z,flight_spawn,10,549,-20,657,877,418,566,904.37,600.77,392.65,system,NA,0.399,3.41,54.06,0.0,-129.6,6.51,-21.1
No Signal_3,R3,2026-08-11T03:35:43.299433Z,shot_hit,10,701,585,876,910,686,573,368.53,19.48,386.65,agent,NA,0.05,3.41,118.17,87.73,180.0,130.47,125.75
No Signal_3,R3,2026-08-11T03:35:43.299945Z,flight_spawn,11,935,-20,876,910,686,573,931.88,643.96,386.65,system,NA,0.409,2.83,45.0,87.73,180.0,130.47,125.75
No Signal_3,R3,2026-08-11T03:35:51.210078Z,conflict,11,566,855,524,876,528,797,47.8,69.45,79.4,system,NA,0.592,2.83,28.24,129.41,0.0,130.47,54.25
No Signal_3,R3,2026-08-11T03:35:51.242281Z,conflict,11,569,856,524,876,528,797,49.47,71.96,79.4,human,NA,0.593,2.83,28.24,137.5,0.0,138.63,54.25
No Signal_3,R3,2026-08-11T03:35:51.242907Z,shot_miss,11,569,856,524,876,528,797,49.47,71.96,79.4,human,NA,0.593,2.83,28.24,137.5,0.0,138.63,54.25
No Signal_3,R3,2026-08-11T03:35:53.055249Z,flight_missed,11,814,952,567,876,652,910,257.48,166.96,90.96,system,NA,0.393,2.83,71.16,129.41,0.0,76.24,0.0
No Signal_3,R3,2026-08-11T03:35:53.056167Z,flight_spawn,12,896,-20,567,876,652,910,954.76,961.37,90.96,system,NA,0.502,3.44,54.5,129.41,0.0,76.24,0.0
No Signal_3,R3,2026-08-11T03:35:59.233396Z,shot_miss,12,1089,837,1084,880,1058,747,42.8,96.06,135.71,human,NA,0.692,3.44,149.22,129.41,0.0,130.47,54.25
No Signal_3,R3,2026-08-11T03:36:00.604816Z,flight_missed,12,856,954,1142,890,959,894,293.58,119.69,183.13,system,NA,0.29,3.44,83.52,0.0,180.0,130.47,125.75
No Signal_3,R3,2026-08-11T03:36:00.605485Z,flight_spawn,13,715,-20,1142,890,959,894,1005.18,946.22,183.13,system,NA,0.485,2.83,45.0,0.0,180.0,130.47,125.75
No Signal_3,R3,2026-08-11T03:36:07.759413Z,shot_miss,13,1236,533,1053,889,1225,565,399.73,34.08,365.96,agent,NA,0.079,2.35,120.88,129.41,180.0,76.24,180.0
No Signal_3,R3,2026-08-11T03:36:08.013427Z,shot_hit,13,1224,565,1021,877,1208,565,372.31,16.16,363.83,agent,NA,0.042,2.35,94.09,139.17,-154.91,0.0,180.0
No Signal_3,R3,2026-08-11T03:36:08.014406Z,flight_spawn,14,1205,-20,1021,877,1208,565,916.53,585.75,363.83,system,NA,0.39,3.11,129.99,139.17,-154.91,0.0,180.0
No Signal_3,R3,2026-08-11T03:36:11.960731Z,shot_hit,14,1096,568,929,867,1065,566,342.2,31.1,330.25,agent,NA,0.083,3.11,104.7,129.41,0.0,76.24,0.0
No Signal_3,R3,2026-08-11T03:36:11.962932Z,flight_spawn,15,1128,-20,929,867,1065,566,909.46,589.71,330.25,system,NA,0.393,3.54,55.55,129.41,0.0,76.24,0.0
No Signal_3,R3,2026-08-11T03:36:18.239849Z,shot_hit,15,925,782,947,788,1071,701,22.88,166.87,151.21,human,NA,0.879,3.25,114.51,129.41,0.0,130.47,125.75
No Signal_3,R3,2026-08-11T03:36:18.241009Z,flight_spawn,16,1205,-20,947,788,1071,701,848.67,734.2,151.21,system,NA,0.464,3.29,52.59,129.41,0.0,130.47,125.75
No Signal_3,R3,2026-08-11T03:36:24.271407Z,flight_missed,16,1254,952,841,798,1310,835,441.11,129.37,470.54,system,NA,0.227,3.28,170.94,0.0,-138.64,130.47,125.75
No Signal_3,R3,2026-08-11T03:36:24.273068Z,flight_spawn,17,803,-20,841,798,1310,835,819.11,994.1,470.54,system,NA,0.548,3.45,125.41,0.0,-138.64,130.47,125.75
No Signal_3,R3,2026-08-11T03:36:28.788184Z,shot_miss,17,450,708,481,705,1000,648,31.17,554.18,523.01,human,NA,0.947,3.45,142.27,135.75,-162.42,130.47,125.75
No Signal_3,R3,2026-08-11T03:36:31.120992Z,flight_missed,17,104,952,191,835,820,898,145.09,718.0,632.67,system,NA,0.832,3.45,55.96,136.05,160.95,130.47,125.75
No Signal_3,R3,2026-08-11T03:36:31.122225Z,flight_spawn,18,662,-20,191,835,820,898,976.92,931.9,632.67,system,NA,0.488,2.83,135.0,136.05,160.95,130.47,125.75
No Signal_3,R3,2026-08-11T03:36:35.723293Z,shot_miss,18,638,543,474,850,610,566,347.93,35.97,315.26,agent,NA,0.094,2.83,97.34,135.03,19.31,76.24,0.0
No Signal_3,R3,2026-08-11T03:36:36.096883Z,shot_hit,18,628,605,522,864,611,587,279.74,24.27,290.66,agent,NA,0.08,2.83,98.18,134.19,15.34,105.88,90.0
No Signal_3,R3,2026-08-11T03:36:36.097427Z,flight_spawn,19,530,-20,522,864,611,587,884.55,613.16,290.66,system,NA,0.409,3.0,131.73,134.19,15.34,105.88,90.0
No Signal_3,R3,2026-08-11T03:36:42.550626Z,shot_hit,19,168,680,127,873,174,675,197.34,8.11,203.88,agent,NA,0.039,2.43,55.1,137.45,31.26,116.76,123.31
No Signal_3,R3,2026-08-11T03:36:42.551553Z,flight_spawn,20,660,-20,127,873,174,675,1040.66,848.23,203.88,system,NA,0.449,3.05,49.02,137.45,31.26,116.76,123.31
No Signal_3,R3,2026-08-11T03:36:50.263654Z,flight_missed,20,1405,952,1128,866,741,910,289.74,664.85,389.28,system,NA,0.696,3.05,26.48,162.48,-36.22,81.0,0.0
No Signal_3,R4,2026-08-11T03:36:57.112120Z,flight_spawn,1,517,-20,1128,866,741,910,1076.41,956.61,389.28,system,NA,0.471,2.83,45.0,0.0,-45.93,0.0,0.0
No Signal_3,R4,2026-08-11T03:37:05.547048Z,shot_hit,1,596,550,726,795,579,565,276.88,22.51,273.02,agent,NA,0.075,2.83,86.8,77.11,133.49,76.24,180.0
No Signal_3,R4,2026-08-11T03:37:05.547751Z,flight_spawn,2,715,-20,726,795,579,565,815.68,601.15,273.02,system,NA,0.424,2.83,135.0,77.11,133.49,76.24,180.0
No Signal_3,R4,2026-08-11T03:37:11.669748Z,shot_hit,2,122,722,109,738,189,672,20.86,83.56,103.85,human,NA,0.8,2.83,162.55,68.24,-33.48,130.47,125.75
No Signal_3,R4,2026-08-11T03:37:11.670861Z,flight_spawn,3,916,-20,109,738,189,672,1107.75,1004.15,103.85,system,NA,0.475,3.12,129.88,68.24,-33.48,130.47,125.75
No Signal_3,R4,2026-08-11T03:37:19.330283Z,shot_hit,3,34,747,43,765,143,734,19.84,110.15,104.86,human,NA,0.847,2.02,131.0,134.44,-138.72,130.47,125.75
No Signal_3,R4,2026-08-11T03:37:19.331752Z,flight_spawn,4,822,-20,43,765,143,734,1106.35,1014.85,104.86,system,NA,0.478,2.83,45.0,134.44,-138.72,130.47,125.75
No Signal_3,R4,2026-08-11T03:37:27.498746Z,flight_missed,4,1391,953,930,872,715,910,467.35,677.2,218.74,system,NA,0.592,1.94,91.98,137.46,36.71,76.24,0.0
No Signal_3,R4,2026-08-11T03:37:27.501418Z,flight_spawn,5,438,-20,930,872,715,910,1019.56,970.44,218.74,system,NA,0.488,3.38,53.75,137.46,36.71,76.24,0.0
No Signal_3,R4,2026-08-11T03:37:35.225171Z,shot_miss,5,1359,808,1331,815,1104,802,29.05,254.64,226.71,human,NA,0.898,2.05,98.29,137.31,27.55,130.47,54.25
No Signal_3,R4,2026-08-11T03:37:35.632130Z,shot_hit,5,1382,852,1371,832,1136,846,22.56,245.96,235.64,human,NA,0.916,2.05,47.83,86.98,29.97,130.47,54.25
No Signal_3,R4,2026-08-11T03:37:35.632777Z,flight_spawn,6,695,-20,1371,832,1136,846,1088.06,971.53,235.64,system,NA,0.472,3.09,130.33,86.98,29.97,130.47,54.25
No Signal_3,R4,2026-08-11T03:37:44.605556Z,shot_hit,6,463,719,381,889,487,715,188.76,24.72,204.33,agent,NA,0.116,2.36,36.09,0.0,180.0,130.47,125.75
No Signal_3,R4,2026-08-11T03:37:44.607491Z,flight_spawn,7,884,-20,381,889,487,715,1039.34,835.22,204.33,system,NA,0.446,2.83,45.0,0.0,180.0,130.47,125.75
No Signal_3,R4,2026-08-11T03:37:52.852970Z,shot_miss,7,1128,807,1246,809,1095,784,118.5,40.62,153.52,agent,NA,0.255,2.69,96.43,138.9,37.75,130.47,54.25
No Signal_3,R4,2026-08-11T03:37:53.228199Z,shot_miss,7,1112,862,1239,838,1096,824,128.94,41.92,143.23,agent,NA,0.245,2.69,91.73,134.59,152.98,130.47,125.75
No Signal_3,R4,2026-08-11T03:37:53.428573Z,shot_miss,7,1112,895,1221,860,1094,845,114.75,52.64,128.35,agent,NA,0.314,2.69,91.73,138.87,122.84,105.88,90.0
No Signal_3,R4,2026-08-11T03:37:53.801342Z,flight_missed,7,1105,954,1181,888,1088,885,100.75,70.81,93.03,system,NA,0.413,2.69,70.57,101.55,150.51,105.88,90.0
No Signal_3,R4,2026-08-11T03:37:53.801946Z,flight_spawn,8,966,-20,1181,888,1088,885,933.88,913.51,93.03,system,NA,0.494,2.92,133.3,101.55,150.51,105.88,90.0
No Signal_3,R4,2026-08-11T03:38:03.187855Z,shot_miss,8,87,932,127,910,441,873,45.79,358.46,316.0,human,NA,0.887,2.21,48.37,126.8,180.0,130.47,125.75
No Signal_3,R4,2026-08-11T03:38:03.355976Z,flight_missed,8,100,953,103,910,426,893,43.59,331.76,323.78,system,NA,0.884,2.21,75.3,126.8,180.0,130.47,125.75
No Signal_3,R4,2026-08-11T03:38:03.356386Z,flight_spawn,9,358,-20,103,910,426,893,964.27,916.09,323.78,system,NA,0.487,2.83,45.0,126.8,180.0,130.47,125.75
No Signal_3,R4,2026-08-11T03:38:11.578874Z,shot_miss,9,1134,886,1099,859,915,801,44.13,234.66,192.71,human,NA,0.842,2.83,61.15,137.13,23.66,130.47,54.25
No Signal_3,R4,2026-08-11T03:38:11.936156Z,shot_miss,9,1169,931,1141,884,942,839,54.18,244.87,204.16,human,NA,0.819,2.83,33.41,139.08,34.01,130.47,54.25
No Signal_3,R4,2026-08-11T03:38:12.156057Z,shot_miss,9,1205,937,1165,904,959,862,52.35,257.78,210.47,human,NA,0.831,2.83,8.12,138.35,43.07,130.47,54.25
No Signal_3,R4,2026-08-11T03:38:12.747535Z,flight_missed,9,1306,952,1219,901,1006,910,100.74,302.9,213.07,system,NA,0.75,2.83,8.12,87.02,-90.0,76.24,0.0
No Signal_3,R4,2026-08-11T03:38:12.748185Z,flight_spawn,10,680,-20,1219,901,1006,910,1067.42,985.45,213.07,system,NA,0.48,2.95,132.6,87.02,-90.0,76.24,0.0
No Signal_3,R4,2026-08-11T03:38:21.312076Z,flight_missed,10,112,952,249,895,377,875,148.59,275.93,129.42,system,NA,0.65,2.44,67.48,129.41,180.0,130.47,125.75
No Signal_3,R4,2026-08-11T03:38:21.313564Z,flight_spawn,11,559,-20,249,895,377,875,966.49,913.97,129.42,system,NA,0.486,2.83,135.0,129.41,180.0,130.47,125.75
No Signal_3,R4,2026-08-11T03:38:25.328379Z,shot_hit,11,591,556,653,818,585,565,269.11,10.41,261.95,agent,NA,0.037,2.83,138.42,138.81,-26.99,76.24,180.0
No Signal_3,R4,2026-08-11T03:38:25.329136Z,flight_spawn,12,580,-20,653,818,585,565,841.64,585.54,261.95,system,NA,0.41,3.41,125.92,138.81,-26.99,76.24,180.0
No Signal_3,R4,2026-08-11T03:38:28.366853Z,shot_hit,12,474,559,522,872,451,565,317.24,23.76,315.05,agent,NA,0.07,3.41,87.92,138.61,-21.0,0.0,19.8
No Signal_3,R4,2026-08-11T03:38:28.368283Z,flight_spawn,13,184,-20,522,872,451,565,954.7,643.99,315.05,system,NA,0.403,3.45,54.53,138.61,-21.0,0.0,19.8
No Signal_3,R4,2026-08-11T03:38:34.080305Z,shot_hit,13,127,626,268,864,133,610,276.6,16.85,287.68,agent,NA,0.057,2.82,64.81,129.41,180.0,130.47,125.75
No Signal_3,R4,2026-08-11T03:38:34.080925Z,flight_spawn,14,924,-20,268,864,133,610,1101.24,1011.92,287.68,system,NA,0.479,2.83,45.0,129.41,180.0,130.47,125.75
No Signal_3,R4,2026-08-11T03:38:42.436104Z,shot_miss,14,1224,727,1194,719,738,721,31.07,485.76,455.82,human,NA,0.94,1.98,42.65,134.19,17.44,130.47,54.25
No Signal_3,R4,2026-08-11T03:38:42.942860Z,shot_miss,14,1274,746,1239,771,777,741,42.73,497.36,463.22,human,NA,0.921,1.98,8.58,114.02,63.47,64.8,0.0
No Signal_3,R4,2026-08-11T03:38:43.501170Z,shot_miss,14,1338,763,1306,752,820,759,34.63,518.85,486.17,human,NA,0.937,1.98,14.53,147.51,-25.5,81.0,0.0
No Signal_3,R4,2026-08-11T03:38:44.570828Z,shot_miss,14,1421,852,1383,823,901,847,46.78,519.37,482.64,human,NA,0.917,1.98,69.24,129.41,90.0,130.47,54.25
No Signal_3,R4,2026-08-11T03:38:45.012303Z,shot_miss,14,1449,891,1402,879,935,887,48.4,513.42,466.81,human,NA,0.914,1.65,119.87,135.19,64.83,130.47,54.25
No Signal_3,R4,2026-08-11T03:38:45.401598Z,shot_hit,14,1422,915,1436,910,965,910,15.1,456.66,470.48,human,NA,0.968,1.65,117.29,100.46,0.0,104.69,43.26
No Signal_3,R4,2026-08-11T03:38:45.402182Z,flight_spawn,15,573,-20,1436,910,965,910,1268.41,1009.26,470.48,system,NA,0.443,3.12,50.12,100.46,0.0,104.69,43.26
No Signal_3,R4,2026-08-11T03:38:50.556231Z,shot_miss,15,1093,628,1244,852,1070,600,270.58,36.47,306.92,agent,NA,0.119,3.12,86.91,147.22,-141.05,112.5,90.0
No Signal_3,R4,2026-08-11T03:38:50.789798Z,shot_miss,15,1104,669,1214,849,1079,625,210.52,50.8,261.31,agent,NA,0.194,3.12,63.03,137.5,180.0,138.63,54.25
No Signal_3,R4,2026-08-11T03:38:51.721237Z,shot_miss,15,1199,792,1173,832,1149,722,47.35,85.37,111.82,human,NA,0.643,3.12,10.36,129.41,0.0,130.47,54.25
No Signal_3,R4,2026-08-11T03:38:52.010414Z,shot_miss,15,1246,808,1211,832,1171,753,42.65,93.77,88.09,human,NA,0.687,3.12,39.65,129.41,0.0,130.47,54.25
No Signal_3,R4,2026-08-11T03:38:52.129266Z,conflict,15,1267,820,1228,832,1181,767,40.37,100.98,79.61,system,NA,0.714,3.12,12.86,129.41,0.0,130.47,54.25
No Signal_3,R4,2026-08-11T03:38:53.128969Z,conflict,15,1387,935,1265,833,1187,822,158.79,229.8,78.66,system,NA,0.591,3.12,64.23,47.99,0.0,109.59,75.06
No Signal_3,R4,2026-08-11T03:38:53.633833Z,flight_missed,15,1444,1005,1265,833,1188,823,248.03,313.49,77.13,system,NA,0.558,3.12,60.42,0.0,0.0,0.0,54.25
No Signal_3,R4,2026-08-11T03:38:53.634892Z,flight_spawn,16,269,-20,1265,833,1188,823,1311.89,1248.08,77.13,system,NA,0.488,2.83,135.0,0.0,0.0,0.0,54.25
No Signal_3,R4,2026-08-11T03:39:01.395727Z,shot_miss,16,515,673,489,689,619,668,30.18,104.66,131.72,human,NA,0.776,2.3,25.22,137.97,-61.97,76.24,180.0
No Signal_3,R4,2026-08-11T03:39:01.884557Z,shot_hit,16,587,694,477,679,580,690,110.79,7.8,103.58,agent,NA,0.066,2.3,20.85,137.5,180.0,81.0,180.0
No Signal_3,R4,2026-08-11T03:39:01.885177Z,flight_spawn,17,1178,-20,477,679,580,690,990.2,928.94,103.58,system,NA,0.484,2.83,45.0,137.5,180.0,81.0,180.0
No Signal_3,R4,2026-08-11T03:39:10.440391Z,shot_miss,17,995,525,908,787,978,565,276.92,44.28,232.83,agent,NA,0.138,1.71,95.59,136.99,29.19,0.0,180.0
No Signal_3,R4,2026-08-11T03:39:10.679448Z,shot_hit,17,993,549,926,779,977,565,239.55,23.21,219.28,agent,NA,0.088,1.71,95.59,115.9,-46.1,0.0,180.0
No Signal_3,R4,2026-08-11T03:39:10.680547Z,flight_spawn,18,872,-20,926,779,977,565,801.08,595.28,219.28,system,NA,0.426,3.55,55.69,115.9,-46.1,0.0,180.0
No Signal_3,R4,2026-08-11T03:39:14.083716Z,shot_hit,18,1170,547,1133,775,1144,565,231.37,31.41,210.36,agent,NA,0.12,3.55,61.91,126.36,-54.96,76.24,0.0
No Signal_3,R4,2026-08-11T03:39:14.084283Z,flight_spawn,19,771,-20,1133,775,1144,565,873.64,694.12,210.36,system,NA,0.443,3.17,50.86,126.36,-54.96,76.24,0.0
No Signal_3,R4,2026-08-11T03:39:19.470936Z,shot_hit,19,1137,544,1100,776,1120,565,234.15,26.61,211.68,agent,NA,0.102,3.17,100.88,44.45,90.0,0.0,180.0
No Signal_3,R4,2026-08-11T03:39:19.473145Z,flight_spawn,20,745,-20,1100,776,1120,565,871.99,695.68,211.68,system,NA,0.444,2.83,45.0,44.45,90.0,0.0,180.0
No Signal_3,R4,2026-08-11T03:39:27.237563Z,shot_miss,20,1366,708,1354,877,1328,703,169.73,38.26,176.3,agent,NA,0.184,1.8,94.14,0.0,0.0,130.47,54.25
No Signal_3,R4,2026-08-11T03:39:27.558199Z,shot_hit,20,1367,742,1354,877,1344,737,136.08,23.64,140.54,agent,NA,0.148,1.8,94.46,0.0,0.0,105.88,90.0
No Signal_3,R5,2026-08-11T03:41:19.532547Z,flight_spawn,1,92,-20,1354,877,1344,737,1549.12,1463.13,140.54,system,NA,0.486,2.83,135.0,0.0,0.0,0.0,90.0
No Signal_3,R5,2026-08-11T03:41:32.881339Z,shot_hit,1,723,551,1001,817,707,565,384.44,21.34,386.9,agent,NA,0.053,1.75,135.98,50.34,180.0,76.24,180.0
No Signal_3,R5,2026-08-11T03:41:32.883029Z,flight_spawn,2,844,-20,1001,817,707,565,852.21,601.24,386.9,system,NA,0.414,3.08,49.52,50.34,180.0,76.24,180.0
No Signal_3,R5,2026-08-11T03:41:40.244308Z,shot_hit,2,1385,803,1393,806,1210,792,8.06,175.62,183.36,human,NA,0.956,2.21,159.42,133.04,-29.32,130.47,54.25
No Signal_3,R5,2026-08-11T03:41:40.245186Z,flight_spawn,3,662,-20,1393,806,1210,792,1103.28,980.33,183.36,system,NA,0.47,3.19,128.85,133.04,-29.32,130.47,54.25
No Signal_3,R5,2026-08-11T03:41:46.749532Z,flight_missed,3,420,953,953,819,737,848,548.97,333.36,217.9,system,NA,0.378,3.19,138.49,0.0,0.0,130.47,125.75
No Signal_3,R5,2026-08-11T03:41:46.754276Z,flight_spawn,4,601,-20,953,819,737,848,910.02,878.96,217.9,system,NA,0.491,3.44,125.51,0.0,0.0,130.47,125.75
No Signal_3,R5,2026-08-11T03:41:52.144737Z,flight_missed,4,342,952,668,854,344,779,340.39,173.48,332.56,system,NA,0.338,3.44,63.7,0.0,0.0,130.47,125.75
No Signal_3,R5,2026-08-11T03:41:52.145534Z,flight_spawn,5,1071,-20,668,854,344,779,962.99,1080.99,332.56,system,NA,0.529,2.83,135.0,0.0,0.0,130.47,125.75
No Signal_3,R5,2026-08-11T03:42:00.157361Z,shot_hit,5,1343,893,1355,877,837,788,19.87,517.0,526.12,human,NA,0.963,2.83,146.9,129.41,0.0,130.47,54.25
No Signal_3,R5,2026-08-11T03:42:00.159403Z,flight_spawn,6,679,-20,1355,877,837,788,1124.03,824.2,526.12,system,NA,0.423,2.92,46.85,129.41,0.0,130.47,54.25
No Signal_3,R5,2026-08-11T03:42:08.347632Z,shot_hit,6,1350,775,1371,910,1319,769,136.46,32.21,150.04,agent,NA,0.191,1.81,93.15,0.0,0.0,130.47,54.25
No Signal_3,R5,2026-08-11T03:42:08.349046Z,flight_spawn,7,1043,-20,1371,910,1319,769,986.0,835.98,150.04,system,NA,0.459,2.83,45.0,0.0,0.0,130.47,54.25
No Signal_3,R5,2026-08-11T03:42:12.256325Z,shot_hit,7,1218,566,1122,889,1195,566,337.05,22.62,331.16,agent,NA,0.063,2.83,85.98,127.33,32.32,72.0,0.0
No Signal_3,R5,2026-08-11T03:42:12.257200Z,flight_spawn,8,594,-20,1122,889,1195,566,1052.16,840.41,331.16,system,NA,0.444,3.52,124.62,127.33,32.32,72.0,0.0
No Signal_3,R5,2026-08-11T03:42:20.695102Z,shot_hit,8,217,835,208,842,583,829,10.95,366.15,374.95,human,NA,0.971,2.29,8.9,144.88,-47.03,76.24,180.0
No Signal_3,R5,2026-08-11T03:42:20.696294Z,flight_spawn,9,750,-20,208,842,583,829,1018.42,865.97,374.95,system,NA,0.46,3.36,126.48,144.88,-47.03,76.24,180.0
No Signal_3,R5,2026-08-11T03:42:27.267262Z,flight_missed,9,1380,952,622,785,1065,852,775.79,330.35,447.76,system,NA,0.299,3.36,56.36,0.0,-143.8,130.47,54.25
No Signal_3,R5,2026-08-11T03:42:27.268732Z,flight_spawn,10,239,-20,622,785,1065,852,891.55,1201.37,447.76,system,NA,0.574,2.83,135.0,0.0,-143.8,130.47,54.25
No Signal_3,R5,2026-08-11T03:42:34.152985Z,shot_hit,10,70,634,58,645,569,629,16.65,498.35,510.88,human,NA,0.968,2.09,128.67,138.41,-150.28,130.47,125.75
No Signal_3,R5,2026-08-11T03:42:34.153956Z,flight_spawn,11,950,-20,58,645,569,629,1112.94,753.1,510.88,system,NA,0.404,2.83,45.0,138.41,-150.28,130.47,125.75
No Signal_3,R5,2026-08-11T03:42:45.551358Z,shot_hit,11,1376,716,1133,846,1360,711,275.34,16.62,263.79,agent,NA,0.057,1.77,147.4,0.0,0.0,76.24,180.0
No Signal_3,R5,2026-08-11T03:42:45.552247Z,flight_spawn,12,589,-20,1133,846,1360,711,1023.03,1063.19,263.79,system,NA,0.51,3.06,49.25,0.0,0.0,76.24,180.0
No Signal_3,R5,2026-08-11T03:42:50.413427Z,shot_miss,12,1130,538,788,812,1093,566,437.82,45.87,391.98,agent,NA,0.095,3.06,38.5,135.14,18.45,76.24,0.0
No Signal_3,R5,2026-08-11T03:42:50.734281Z,shot_miss,12,1168,581,830,826,1118,573,417.44,50.48,383.39,agent,NA,0.108,3.06,91.35,135.14,18.45,130.47,54.25
No Signal_3,R5,2026-08-11T03:42:51.022643Z,shot_hit,12,1150,629,867,839,1133,604,351.92,30.06,355.21,agent,NA,0.079,3.06,118.55,135.14,18.45,105.88,90.0
No Signal_3,R5,2026-08-11T03:42:51.023289Z,flight_spawn,13,670,-20,867,839,1133,604,881.35,777.59,355.21,system,NA,0.469,3.45,125.45,135.14,18.45,105.88,90.0
No Signal_3,R5,2026-08-11T03:42:58.345409Z,shot_hit,13,366,702,387,693,594,690,23.55,228.12,206.21,human,NA,0.906,2.48,141.54,141.53,-114.97,130.47,125.75
No Signal_3,R5,2026-08-11T03:42:58.346693Z,flight_spawn,14,1276,-20,387,693,594,690,1139.11,984.66,206.21,system,NA,0.464,3.2,51.3,141.53,-114.97,130.47,125.75
No Signal_3,R5,2026-08-11T03:43:05.027270Z,shot_hit,14,1072,544,991,840,1055,564,306.41,25.95,283.26,agent,NA,0.078,1.92,129.75,0.0,-36.68,27.88,167.69
No Signal_3,R5,2026-08-11T03:43:05.029012Z,flight_spawn,15,469,-20,991,840,1055,564,1006.28,827.71,283.26,system,NA,0.451,2.83,135.0,0.0,-36.68,27.88,167.69
No Signal_3,R5,2026-08-11T03:43:11.795541Z,shot_hit,15,317,816,313,806,606,742,10.6,298.28,300.02,human,NA,0.966,2.83,94.22,144.65,-144.45,138.63,125.75
No Signal_3,R5,2026-08-11T03:43:11.797995Z,flight_spawn,16,1030,-20,313,806,606,742,1094.39,872.55,300.02,system,NA,0.444,3.15,50.54,144.65,-144.45,138.63,125.75
No Signal_3,R5,2026-08-11T03:43:18.589254Z,flight_missed,16,1381,953,771,862,1094,894,617.0,293.11,324.72,system,NA,0.322,3.15,31.73,0.0,180.0,130.47,54.25
No Signal_3,R5,2026-08-11T03:43:18.589898Z,flight_spawn,17,851,-20,771,862,1094,894,886.31,946.08,324.72,system,NA,0.516,2.83,45.0,0.0,180.0,130.47,54.25
No Signal_3,R5,2026-08-11T03:43:26.283284Z,shot_hit,17,1306,547,766,848,1282,565,618.46,30.1,588.72,agent,NA,0.046,1.89,80.95,146.21,39.12,0.0,0.0
No Signal_3,R5,2026-08-11T03:43:26.284976Z,flight_spawn,18,666,-20,766,848,1282,565,874.5,850.2,588.72,system,NA,0.493,2.9,46.48,146.21,39.12,0.0,0.0
No Signal_3,R5,2026-08-11T03:43:33.435505Z,shot_miss,18,1319,518,899,811,1311,564,512.47,46.46,480.7,agent,NA,0.083,1.75,174.41,53.4,134.52,76.24,180.0
No Signal_3,R5,2026-08-11T03:43:33.656342Z,shot_miss,18,1296,520,899,822,1294,564,498.16,43.59,471.25,agent,NA,0.08,1.75,174.41,68.1,90.0,76.24,180.0
No Signal_3,R5,2026-08-11T03:43:33.945033Z,shot_miss,18,1268,526,892,846,1272,564,493.9,37.39,473.35,agent,NA,0.07,1.75,177.81,94.74,157.18,76.24,180.0
No Signal_3,R5,2026-08-11T03:43:35.749907Z,shot_hit,18,1153,611,793,862,1135,606,438.1,18.63,426.69,agent,NA,0.041,1.75,56.0,129.41,0.0,130.47,125.75
No Signal_3,R5,2026-08-11T03:43:35.750642Z,flight_spawn,19,425,-20,793,862,1135,606,955.83,946.44,426.69,system,NA,0.498,3.32,52.91,129.41,0.0,130.47,125.75
No Signal_3,R5,2026-08-11T03:43:43.048036Z,shot_hit,19,84,926,92,910,599,821,18.3,525.84,515.16,human,NA,0.966,2.82,54.23,140.47,141.64,130.47,125.75
No Signal_3,R5,2026-08-11T03:43:43.048669Z,flight_spawn,20,836,-20,92,910,599,821,1191.13,874.21,515.16,system,NA,0.423,3.19,51.19,140.47,141.64,130.47,125.75
No Signal_3,R5,2026-08-11T03:43:49.880565Z,flight_missed,20,1113,953,686,910,1075,800,429.24,158.09,403.6,system,NA,0.269,3.19,60.03,0.0,0.0,130.47,54.25
No Signal_3,R6,2026-08-11T03:43:57.760774Z,flight_spawn,1,259,-20,686,910,1075,800,1023.51,1157.06,403.6,system,NA,0.531,3.6,56.24,0.0,0.0,0.0,54.25
No Signal_3,R6,2026-08-11T03:44:06.182227Z,shot_miss,1,963,721,1015,717,648,677,52.64,317.98,369.48,human,NA,0.858,3.6,119.05,135.38,-17.09,130.47,54.25
No Signal_3,R6,2026-08-11T03:44:07.850565Z,flight_missed,1,714,954,907,890,721,858,202.76,96.1,188.5,system,NA,0.322,3.6,134.2,144.05,138.8,130.47,125.75
No Signal_3,R6,2026-08-11T03:44:07.851034Z,flight_spawn,2,571,-20,907,890,721,858,970.78,891.12,188.5,system,NA,0.479,2.83,45.0,144.05,138.8,130.47,125.75
No Signal_3,R6,2026-08-11T03:44:17.403590Z,shot_hit,2,1347,721,1412,841,1329,715,135.72,19.7,150.31,agent,NA,0.127,1.22,143.44,141.97,130.1,105.88,90.0
No Signal_3,R6,2026-08-11T03:44:17.404966Z,flight_spawn,3,1059,-20,1412,841,1329,715,930.71,783.86,150.31,system,NA,0.457,3.56,55.8,141.97,130.1,105.88,90.0
No Signal_3,R6,2026-08-11T03:44:24.179598Z,shot_miss,3,1368,580,1031,863,1319,574,440.33,50.0,407.84,agent,NA,0.102,2.36,89.41,129.41,0.0,130.47,54.25
No Signal_3,R6,2026-08-11T03:44:24.519351Z,shot_miss,3,1390,621,1075,863,1344,610,397.42,47.49,369.92,agent,NA,0.107,2.36,60.26,129.41,0.0,130.47,54.25
No Signal_3,R6,2026-08-11T03:44:24.858365Z,shot_miss,3,1413,663,1119,863,1370,645,355.93,46.28,332.56,agent,NA,0.115,2.36,83.29,129.41,0.0,118.96,58.59
No Signal_3,R6,2026-08-11T03:44:26.602611Z,shot_hit,3,1256,817,1148,854,1284,812,114.18,27.92,141.89,agent,NA,0.196,2.36,168.62,129.41,180.0,130.47,125.75
No Signal_3,R6,2026-08-11T03:44:26.603267Z,flight_spawn,4,670,-20,1148,854,1284,812,996.64,1034.17,141.89,system,NA,0.509,2.85,134.62,129.41,180.0,130.47,125.75
No Signal_3,R6,2026-08-11T03:44:36.456166Z,shot_hit,4,548,598,529,857,558,593,260.12,11.04,266.21,agent,NA,0.041,1.92,8.47,0.0,90.0,76.24,180.0
No Signal_3,R6,2026-08-11T03:44:36.457897Z,flight_spawn,5,1277,-20,529,857,558,593,1153.24,945.12,266.21,system,NA,0.45,2.83,135.0,0.0,90.0,76.24,180.0
No Signal_3,R6,2026-08-11T03:44:41.318614Z,shot_miss,5,892,524,848,855,882,565,333.36,41.49,292.13,agent,NA,0.111,2.83,175.97,134.84,-160.89,76.24,180.0
No Signal_3,R6,2026-08-11T03:44:41.605663Z,shot_hit,5,847,541,811,844,860,565,304.51,26.38,283.53,agent,NA,0.08,2.83,122.77,134.06,-164.87,76.24,180.0
No Signal_3,R6,2026-08-11T03:44:41.606198Z,flight_spawn,6,722,-20,811,844,860,565,868.79,601.04,283.53,system,NA,0.409,3.16,129.2,134.06,-164.87,76.24,180.0
No Signal_3,R6,2026-08-11T03:44:49.399215Z,shot_hit,6,309,571,223,893,320,567,333.2,11.95,340.48,agent,NA,0.035,1.99,27.82,0.0,180.0,76.24,180.0
No Signal_3,R6,2026-08-11T03:44:49.401879Z,flight_spawn,7,1192,-20,223,893,320,567,1332.0,1050.94,340.48,system,NA,0.441,2.87,45.84,0.0,180.0,76.24,180.0
No Signal_3,R6,2026-08-11T03:44:58.972891Z,shot_hit,7,1040,567,1074,910,1021,565,344.42,18.81,348.52,agent,NA,0.052,1.68,176.93,0.0,180.0,0.0,-6.98
No Signal_3,R6,2026-08-11T03:44:58.975264Z,flight_spawn,8,519,-20,1074,910,1021,565,1082.89,771.59,348.52,system,NA,0.416,3.18,50.96,0.0,180.0,0.0,-6.98
No Signal_3,R6,2026-08-11T03:45:03.417720Z,shot_hit,8,703,587,648,910,706,577,327.53,9.64,337.08,agent,NA,0.029,3.18,54.77,137.5,0.0,138.63,125.75
No Signal_3,R6,2026-08-11T03:45:03.418415Z,flight_spawn,9,1338,-20,648,910,706,577,1158.4,870.47,337.08,system,NA,0.429,2.83,45.0,137.5,0.0,138.63,125.75
No Signal_3,R6,2026-08-11T03:45:10.591193Z,shot_hit,9,1214,770,1213,910,1185,765,139.17,29.77,147.53,agent,NA,0.176,2.21,142.61,113.65,0.0,130.47,54.25
No Signal_3,R6,2026-08-11T03:45:10.592241Z,flight_spawn,10,641,-20,1213,910,1185,765,1091.66,955.21,147.53,system,NA,0.467,3.57,124.02,113.65,0.0,130.47,54.25
No Signal_3,R6,2026-08-11T03:45:18.126714Z,shot_hit,10,417,838,393,838,652,811,23.46,236.84,260.11,human,NA,0.91,2.77,27.96,138.49,-67.59,130.47,125.75
No Signal_3,R6,2026-08-11T03:45:18.127719Z,flight_spawn,11,884,-20,393,838,652,811,988.62,863.64,260.11,system,NA,0.466,3.05,130.97,138.49,-67.59,130.47,125.75
No Signal_3,R6,2026-08-11T03:45:21.559202Z,shot_hit,11,737,561,676,906,721,565,351.04,17.01,344.21,agent,NA,0.046,3.05,117.64,129.41,180.0,0.0,60.58
No Signal_3,R6,2026-08-11T03:45:21.560901Z,flight_spawn,12,1178,-20,676,906,721,565,1053.73,742.83,344.21,system,NA,0.413,2.83,135.0,129.41,180.0,0.0,60.58
No Signal_3,R6,2026-08-11T03:45:26.911402Z,shot_hit,12,642,560,477,906,624,565,383.81,19.07,370.93,agent,NA,0.047,2.83,59.45,129.41,0.0,0.0,180.0
No Signal_3,R6,2026-08-11T03:45:26.913618Z,flight_spawn,13,561,-20,477,906,624,565,930.3,589.29,370.93,system,NA,0.388,2.9,133.6,129.41,0.0,0.0,180.0
No Signal_3,R6,2026-08-11T03:45:33.531892Z,shot_miss,13,107,752,151,903,145,747,157.1,37.51,155.9,agent,NA,0.193,1.95,75.31,129.41,0.0,130.47,125.75
No Signal_3,R6,2026-08-11T03:45:33.804014Z,shot_hit,13,128,775,158,903,124,771,131.58,5.88,136.75,agent,NA,0.043,1.95,46.13,0.0,0.0,130.47,125.75
No Signal_3,R6,2026-08-11T03:45:33.805013Z,flight_spawn,14,911,-20,158,903,124,771,1191.06,1115.63,136.75,system,NA,0.484,2.94,47.06,0.0,0.0,130.47,125.75
No Signal_3,R6,2026-08-11T03:45:45.068919Z,shot_miss,14,1002,873,1027,906,961,842,41.79,51.36,92.46,agent,NA,0.551,2.04,76.23,102.61,-40.52,130.47,54.25
No Signal_3,R6,2026-08-11T03:45:45.171269Z,conflict,14,1006,885,1027,906,969,853,30.3,49.12,79.4,system,NA,0.618,2.04,76.23,0.0,-40.52,130.47,54.25
No Signal_3,R6,2026-08-11T03:45:45.255224Z,conflict,14,1008,893,1027,906,969,853,23.56,56.24,79.4,human,NA,0.705,2.04,76.23,0.0,-40.52,0.0,54.25
No Signal_3,R6,2026-08-11T03:45:45.255713Z,shot_hit,14,1008,893,1027,906,969,853,23.56,56.24,79.4,human,NA,0.705,2.04,76.23,0.0,-40.52,0.0,54.25
No Signal_3,R6,2026-08-11T03:45:45.256120Z,flight_spawn,15,138,-20,1027,906,969,853,1284.21,1205.01,79.4,system,NA,0.484,2.83,135.0,0.0,-40.52,0.0,54.25
No Signal_3,R6,2026-08-11T03:45:56.071094Z,shot_miss,15,139,722,209,910,176,716,200.02,37.68,195.77,agent,NA,0.159,0.98,40.09,125.19,0.0,76.24,180.0
No Signal_3,R6,2026-08-11T03:45:56.291888Z,shot_hit,15,146,731,237,910,159,725,200.41,13.55,199.71,agent,NA,0.063,0.98,65.74,128.27,0.0,76.24,180.0
No Signal_3,R6,2026-08-11T03:45:56.292492Z,flight_spawn,16,804,-20,237,910,159,725,1089.23,985.91,199.71,system,NA,0.475,3.6,56.22,128.27,0.0,76.24,180.0
No Signal_3,R6,2026-08-11T03:46:01.616433Z,shot_hit,16,498,585,607,902,502,580,335.22,7.48,339.28,agent,NA,0.022,3.6,175.0,0.0,180.0,130.47,125.75
No Signal_3,R6,2026-08-11T03:46:01.617027Z,flight_spawn,17,1328,-20,607,902,502,580,1171.09,1020.96,339.28,system,NA,0.466,2.97,132.33,0.0,180.0,130.47,125.75
No Signal_3,R6,2026-08-11T03:46:06.499936Z,shot_hit,17,810,537,792,910,795,565,372.84,31.76,344.42,agent,NA,0.078,2.97,77.62,129.41,180.0,76.24,180.0
No Signal_3,R6,2026-08-11T03:46:06.502096Z,flight_spawn,18,633,-20,792,910,795,565,943.52,607.64,344.42,system,NA,0.392,3.1,130.11,129.41,180.0,76.24,180.0
No Signal_3,R6,2026-08-11T03:46:13.006874Z,shot_miss,18,298,691,265,910,320,661,220.55,36.97,253.93,agent,NA,0.144,3.1,60.9,129.41,0.0,130.47,125.75
No Signal_3,R6,2026-08-11T03:46:13.326187Z,shot_miss,18,325,743,301,905,301,696,163.98,52.43,209.39,agent,NA,0.242,3.1,60.9,0.0,-22.19,105.88,90.0
No Signal_3,R6,2026-08-11T03:46:14.259242Z,shot_miss,18,322,890,377,902,313,794,56.75,96.23,125.71,human,NA,0.629,3.1,138.53,0.0,-90.0,130.47,125.75
No Signal_3,R6,2026-08-11T03:46:14.750314Z,flight_missed,18,251,952,361,910,274,848,118.05,105.82,106.96,system,NA,0.473,3.1,138.53,97.51,0.0,130.47,125.75
No Signal_3,R6,2026-08-11T03:46:14.751390Z,flight_spawn,19,413,-20,361,910,274,848,931.41,880.0,106.96,system,NA,0.486,3.18,51.04,97.51,0.0,130.47,125.75
No Signal_3,R6,2026-08-11T03:46:22.188217Z,shot_hit,19,1301,894,1325,910,821,826,28.39,484.96,510.71,human,NA,0.945,3.18,127.03,129.41,0.0,130.47,54.25
No Signal_3,R6,2026-08-11T03:46:22.189506Z,flight_spawn,20,704,-20,1325,910,821,826,1118.05,854.08,510.71,system,NA,0.433,2.99,132.04,129.41,0.0,130.47,54.25
No Signal_3,R6,2026-08-11T03:46:30.840104Z,shot_miss,20,261,898,291,910,244,812,32.71,87.27,108.22,human,NA,0.727,2.99,101.94,34.16,180.0,130.47,125.75
No Signal_3,R6,2026-08-11T03:46:31.162419Z,flight_missed,20,242,952,290,910,230,848,63.9,104.48,86.17,system,NA,0.621,2.99,130.57,129.41,0.0,130.47,125.75
